A>C	AAU	2.628120893561104
A>C	AAG	2.9310344827586206
A>C	AAC	1.3008130081300813
A>C	AAA	2.275189599133261
A>C	UAU	0.3215434083601286
A>C	UAA	0.4172461752433936
A>C	UAG	1.639344262295082
A>C	UAC	0.3284072249589491
A>C	CAA	0.2844950213371266
A>C	CAG	1.36986301369863
A>C	CAU	3.3057851239669422
A>C	CAC	0.0
A>C	GAA	2.0560747663551404
A>C	GAC	2.3529411764705883
A>C	GAU	2.0454545454545454
A>C	GAG	2.6936026936026933
A>G	AAU	11.695137976346912
A>G	AAG	17.06896551724138
A>G	AAC	8.130081300813007
A>G	AAA	10.509209100758396
A>G	UAU	11.57556270096463
A>G	UAA	4.728789986091794
A>G	UAG	11.7096018735363
A>G	UAC	6.239737274220033
A>G	CAA	5.405405405405405
A>G	CAG	10.045662100456621
A>G	CAU	7.43801652892562
A>G	CAC	6.535947712418301
A>G	GAA	7.476635514018691
A>G	GAC	8.823529411764707
A>G	GAU	15.227272727272728
A>G	GAG	7.744107744107744
A>U	AAU	1.8396846254927726
A>U	AAG	1.3793103448275863
A>U	AAC	0.4878048780487805
A>U	AAA	1.8418201516793065
A>U	UAU	2.090032154340836
A>U	UAA	2.364394993045897
A>U	UAG	3.51288056206089
A>U	UAC	0.8210180623973727
A>U	CAA	3.982930298719772
A>U	CAG	8.21917808219178
A>U	CAU	4.132231404958678
A>U	CAC	1.5250544662309369
A>U	GAA	2.0560747663551404
A>U	GAC	0.29411764705882354
A>U	GAU	2.0454545454545454
A>U	GAG	3.0303030303030303
C>A	ACU	4.451038575667656
C>A	ACG	4.878048780487805
C>A	ACC	5.319148936170213
C>A	ACA	6.9221260815822
C>A	UCU	3.6900369003690034
C>A	UCA	2.5500910746812386
C>A	UCG	4.424778761061947
C>A	UCC	2.8708133971291865
C>A	CCA	5.649717514124294
C>A	CCG	2.7027027027027026
C>A	CCU	9.883720930232558
C>A	CCC	3.4482758620689653
C>A	GCA	1.6129032258064515
C>A	GCC	3.7433155080213902
C>A	GCU	3.262955854126679
C>A	GCG	2.272727272727273
C>G	ACU	0.5934718100890208
C>G	ACG	0.0
C>G	ACC	0.26595744680851063
C>G	ACA	0.7416563658838072
C>G	UCU	1.107011070110701
C>G	UCA	1.8214936247723135
C>G	UCG	2.6548672566371683
C>G	UCC	0.0
C>G	CCA	2.2598870056497176
C>G	CCG	1.3513513513513513
C>G	CCU	1.744186046511628
C>G	CCC	0.8620689655172413
C>G	GCA	0.5376344086021506
C>G	GCC	0.53475935828877
C>G	GCU	1.727447216890595
C>G	GCG	0.0
C>U	ACU	87.0919881305638
C>U	ACG	93.29268292682927
C>U	ACC	62.23404255319149
C>U	ACA	83.93077873918418
C>U	UCU	92.06642066420663
C>U	UCA	78.87067395264117
C>U	UCG	136.28318584070794
C>U	UCC	76.07655502392345
C>U	CCA	58.75706214689266
C>U	CCG	108.10810810810811
C>U	CCU	59.59302325581395
C>U	CCC	81.89655172413794
C>U	GCA	52.1505376344086
C>U	GCC	49.19786096256685
C>U	GCU	64.29942418426103
C>U	GCG	70.45454545454545
G>A	AGU	12.82051282051282
G>A	AGG	21.27659574468085
G>A	AGC	16.27906976744186
G>A	AGA	13.223140495867769
G>A	UGU	9.207459207459207
G>A	UGA	8.73015873015873
G>A	UGG	10.649819494584838
G>A	UGC	7.129798903107861
G>A	CGA	17.894736842105264
G>A	CGG	26.31578947368421
G>A	CGU	23.976608187134502
G>A	CGC	27.835051546391753
G>A	GGA	13.47517730496454
G>A	GGC	10.31390134529148
G>A	GGU	7.709251101321586
G>A	GGG	23.134328358208954
G>C	AGU	3.353057199211045
G>C	AGG	2.127659574468085
G>C	AGC	1.9933554817275747
G>C	AGA	8.099173553719009
G>C	UGU	1.5151515151515151
G>C	UGA	6.825396825396825
G>C	UGG	0.7220216606498195
G>C	UGC	1.0968921389396709
G>C	CGA	9.473684210526317
G>C	CGG	1.3157894736842104
G>C	CGU	4.093567251461988
G>C	CGC	1.0309278350515463
G>C	GGA	1.0638297872340425
G>C	GGC	1.345291479820628
G>C	GGU	0.22026431718061676
G>C	GGG	3.731343283582089
G>U	AGU	38.46153846153847
G>U	AGG	27.0516717325228
G>U	AGC	33.88704318936877
G>U	AGA	30.57851239669421
G>U	UGU	32.28438228438228
G>U	UGA	23.65079365079365
G>U	UGG	23.104693140794225
G>U	UGC	36.0146252285192
G>U	CGA	38.94736842105263
G>U	CGG	43.42105263157895
G>U	CGU	47.368421052631575
G>U	CGC	62.88659793814433
G>U	GGA	20.921985815602838
G>U	GGC	19.730941704035875
G>U	GGU	11.233480176211454
G>U	GGG	7.462686567164178
U>A	AUU	1.6817593790426906
U>A	AUG	2.896551724137931
U>A	AUC	0.5899705014749262
U>A	AUA	1.48619957537155
U>A	UUU	0.8964143426294822
U>A	UUA	1.82648401826484
U>A	UUG	2.4479804161566707
U>A	UUC	1.9305019305019304
U>A	CUA	2.13903743315508
U>A	CUG	3.6363636363636362
U>A	CUU	1.4905149051490514
U>A	CUC	2.7874564459930316
U>A	GUA	1.0660980810234542
U>A	GUC	0.0
U>A	GUU	0.14285714285714285
U>A	GUG	1.4492753623188406
U>C	AUU	11.642949547218628
U>C	AUG	13.517241379310343
U>C	AUC	28.908554572271388
U>C	AUA	21.231422505307858
U>C	UUU	8.366533864541832
U>C	UUA	6.8493150684931505
U>C	UUG	6.731946144430845
U>C	UUC	7.915057915057915
U>C	CUA	6.0606060606060606
U>C	CUG	6.4646464646464645
U>C	CUU	7.317073170731707
U>C	CUC	10.801393728222997
U>C	GUA	5.970149253731343
U>C	GUC	8.921933085501859
U>C	GUU	4.428571428571428
U>C	GUG	5.797101449275362
U>G	AUU	1.423027166882277
U>G	AUG	0.6896551724137931
U>G	AUC	3.5398230088495577
U>G	AUA	1.0615711252653928
U>G	UUU	1.593625498007968
U>G	UUA	0.7990867579908676
U>G	UUG	0.6119951040391677
U>G	UUC	3.667953667953668
U>G	CUA	0.8912655971479502
U>G	CUG	2.6262626262626263
U>G	CUU	2.5745257452574526
U>G	CUC	1.7421602787456445
U>G	GUA	0.6396588486140725
U>G	GUC	1.858736059479554
U>G	GUU	1.8571428571428572
U>G	GUG	0.9057971014492754
